{
    "accuracy": 0.9478260869565217,
    "precision": 0.8195876288659794,
    "recall": 0.7644230769230769
}
