{
    "accuracy": 0.9598051157125457,
    "precision": 0.8854166666666666,
    "recall": 0.794392523364486
}
